縺ｿ縺ｪ繧・Minamo- - 繝上・繝｡繝ｫ繝ｳ,164454,20190120000000 
螳ｮ豌ｸ蟋牙ｦｹ縺ｯ鮗ｻ髮繧貞・髢九☆繧九◎縺・〒縺吶・- 繝上・繝｡繝ｫ繝ｳ,277899,20220221160546 
譁・怦蟄ｦ蝨偵〒縺ｮ譁ｰ縺溘↑逕滓ｴｻ - 繝上・繝｡繝ｫ繝ｳ,190691,20220223214009 
蜑｣蟋ｫ縺ｨ逋ｽ蜈弱・遶句ｴ繧貞・繧梧崛縺医◆縺ｮ縺ｯ髢馴＆縺｣縺ｦ縺・ｋ縺繧阪≧縺・- 繝上・繝｡繝ｫ繝ｳ,89510,20220225200500 
蟄ｦ謌ｦ驛ｽ蟶ゅい繧ｹ繧ｿ繝ｪ繧ｹ繧ｯ縲譛ｬ迚ｩ繧呈ｱゅａ縺ｦ - 繝上・繝｡繝ｫ繝ｳ,128122,20220227002050 
蟄ｦ謌ｦ驛ｽ蟶ゅ・蠖ｱ蟋ｫ - 繝上・繝｡繝ｫ繝ｳ,200534,20220205002829 
證玲ｮｺ閠・・縺斐→縺・- 繝上・繝｡繝ｫ繝ｳ,159173,20220206181742 
邯ｾ蟆剰ｷｯ......隱ｰ縺輔ｓ縺ｧ縺吶°・・- 繝上・繝｡繝ｫ繝ｳ,277001,20220214015743 
Common life (IF譌･蟶ｸ) - 繝舌Ξ繝ｳ繧ｿ繧､繝ｳ - 繝上・繝｡繝ｫ繝ｳ,280843,20220214120000 
蜥ｲ-Saki- 髦ｿ遏･雉邱ｨ蜈･ - 繝上・繝｡繝ｫ繝ｳ,173638,20211231000000 
遘√・蛟区ｧ縺後・縺｣螢翫ｌ縺吶℃縺ｦ繝､繝舌＞ - 繝上・繝｡繝ｫ繝ｳ,275487,20220110232108 
鮟偵・蜑｣螢ｫ縺檎區蜈弱↓霆｢逕溘☆繧九・縺ｯ髢馴＆縺｣縺ｦ縺・ｋ縺繧阪≧縺・- 繝上・繝｡繝ｫ繝ｳ,161297,20220126190056 
譛鬮伜ｑ菴弖S鮗帝ｺ溷・ - 譛鬮伜ｑ菴弖S鮗帝ｺ溷・ - 繝上・繝｡繝ｫ繝ｳ,279504,20220128234500 
繧ゅ＠繧ゅ・繝ｫ繝ｻ繧ｯ繝ｩ繝阪Ν縺後ヵ繝ｬ繧､繝､繝ｻ繝輔ぃ繝溘Μ繧｢縺ｫ蜈･縺｣縺溘ｉ - 繝上・繝｡繝ｫ繝ｳ,240293,20211028180000 
豈比ｼ∬ｰｷ蜈ｫ蟷｡縺ｨ髮ｪ繝惹ｸ矩區荵・・蟇ｾ隧ｱ - 繝上・繝｡繝ｫ繝ｳ,227052,20211102133819 
螟壹・憶蟷ｽ陦｣縺ｮ螯ｹ(閾ｪ遘ｰ)縺ｯ蟷ｳ遨上↓驕弱＃縺励◆縺・- 繝上・繝｡繝ｫ繝ｳ,139373,20211112233134 
TS繝ｭ繝ｪ繧ｨ繝ｫ繝輔・遞ｲ菴應ｺ区ュ - 繝上・繝｡繝ｫ繝ｳ,212447,20211202173000 
辜城俣譚乗ｨｹ驕主悉邱ｨ・・ommon life・・- 辜城俣譚乗ｨｹ驕主悉邱ｨ・・ommon life・・- 繝上・繝｡繝ｫ繝ｳ,276954,202112292000 
繧・・繧贋ｿｺ縺ｮ螳溷鴨閾ｳ荳翫・髱呈丼繝ｩ繝悶さ繝｡縺ｯ縺ｾ縺｡縺後▲縺ｦ縺・↑縺・・- 繝上・繝｡繝ｫ繝ｳ,206521,20210831184905 
縺溘□荳險縲≫晉ｾ主袖縺励＞窶昴→ - 繝上・繝｡繝ｫ繝ｳ,57104,20210901232835 
蜈・ヰ繧ｫ縺ｨ繝・せ繝医→蜿ｬ蝟夂坤 - 繝上・繝｡繝ｫ繝ｳ,260731,20210911165457 
菫ｺ縲∝ｮ溘・蠖ｼ螂ｳ縺後＞繧九ｓ縺窶ｦ窶ｦ窶ｦ - 繝上・繝｡繝ｫ繝ｳ,238649,20210914195740 
豈比ｼ∬ｰｷ蜷帙→蝮よ浹縺輔ｓ - 繝上・繝｡繝ｫ繝ｳ,252602,20210916233848 
鬲秘潟菴ｿ縺・・霑ｷ螳ｮ繧帝ｧ・￠繧・- 繝上・繝｡繝ｫ繝ｳ,138856,20210815220617 
證玲ｮｺ謨吝ｮ､縺ｸ繧医≧縺薙◎ - 繝上・繝｡繝ｫ繝ｳ,253183,20210818164721 
繝舌き驕斐→蜿悟ｭ舌→蟄ｦ蝨堤函豢ｻ Take2 - 繝上・繝｡繝ｫ繝ｳ,198417,20210826210000 
繝ｯ繧､縺後ヰ繧ｹ繧ｱ縺ｧ蜈ｨ蝗ｽ蜆ｪ蜍昴＠縺溘ｋ繧舜w - 繝上・繝｡繝ｫ繝ｳ,258497,20210831152300 
繧医≧縺薙◎螳溷鴨閾ｳ荳贋ｸｻ鄒ｩ縺ｮ謨吝ｮ､縺ｸ・樊怙蠑ｷAI縺ｨ蜈ｱ縺ｫ・・- 繝上・繝｡繝ｫ繝ｳ,180954,20210630040000 
蝮よ浹縺輔ｓ縺ｨ豈比ｼ∬ｰｷ蜷帙・迢ｬ陬∵帆豐ｻ - 繝上・繝｡繝ｫ繝ｳ,260189,20210704231258 
繧ｯ繝ｬ繧､繧ｸ繝ｼ縺ｪ螂ｴ縺ｮ縺・ｋ謨吝ｮ､縺ｸ - 繝上・繝｡繝ｫ繝ｳ,231446,20210713235627 
繝舌き縺ｨ雖後ｏ繧後→蜈・ル繝ｼ繝・- 繝上・繝｡繝ｫ繝ｳ,253812,20210718000050 
繝弱・繧ｲ繝ｼ繝繝ｻ菫ｺ繧ｬ繧､繝ｫ - 繝上・繝｡繝ｫ繝ｳ,150845,20210616000000 
繧｢繧ｵ繧ｷ繝ｳ・郁恭髴奇ｼ峨↑繧ｪ繝ｪ荳ｻin蜷肴爾蛛ｵ繧ｳ繝翫Φ - 繝上・繝｡繝ｫ繝ｳ,254286,20210402193000 
繝､繝舌＞蜑｣縺励°謚募ｽｱ縺ｧ縺阪↑縺・が繝ｪ螢ｫ驛主菅 - 繝上・繝｡繝ｫ繝ｳ,220640,20210402214712 
繧・・繧贋ｿｺ縺ｮ蟄ｦ譬｡逕滓ｴｻ縺ｯ縺翫￥繧後※縺・ｋ縲・- 繝上・繝｡繝ｫ繝ｳ,175456,20210405080000 
繝唄縺ｮ驫鬮ｪ鄒主ｰ大･ｳ縺悟ｧ峨↓縺ｪ縺｣縺・- 繝上・繝｡繝ｫ繝ｳ,170398,20210312235914 
遏ｳ荳雁━縺ｯ繧ゅ≧謌ｻ繧後↑縺・- 繝上・繝｡繝ｫ繝ｳ,239977,20210221120000 
驫・・蜑｣繧医ｊ蠑ｷ縺・- 繝上・繝｡繝ｫ繝ｳ,111896,20210111230000 
螳溷鴨閾ｳ荳贋ｸｻ鄒ｩ縺ｮ蟄ｦ譬｡縺ｫ謨ｰ莠ｺ霑ｽ蜉縺励◆繧峨←縺・↑繧九・縺九やｻ・大ｹｴ逕溽ｷｨ螳檎ｵ・- 繝上・繝｡繝ｫ繝ｳ,132324,20210118030535 
繝舌き縺ｨ繝・せ繝医→蜿ｬ蝟夂坤縲螂上〒郢九＄迚ｩ隱・- 繝上・繝｡繝ｫ繝ｳ,168758,20210126210000 
繧ゅ≧荳縺､縺ｮ蜊・㈹螻ｱ螂ｳ蟄・- 繝上・繝｡繝ｫ繝ｳ,72944,20200830213000 
縺・■縺ｮ閼ｳ蜀・さ繝ｳ繝斐Η繝ｼ繧ｿ繝ｼ縺御ｿｺ繧貞享縺溘○繧医≧縺ｨ縺励※縺上ｋ - 繝上・繝｡繝ｫ繝ｳ,217969,20200819180000 
繝舌き縺ｨ諱九→蜿区ュ・槭ｂ縺・ｸ縺､縺ｮ迴ｾ螳溘→繧ゅ≧荳縺､縺ｮ諱・- 繝上・繝｡繝ｫ繝ｳ,30651,20200907162808 
蠢・′蠑ｱ縺上※繧ょ享縺ｦ縺ｾ縺・- 繝上・繝｡繝ｫ繝ｳ,228265,20201004180000 
譏弱ｋ縺・ｭ玖ｉ - 繝上・繝｡繝ｫ繝ｳ,221310,20201105200000 
蜥ｲ-Saki-縲螟ｩ蜈・・髮螢ｫ - 繝上・繝｡繝ｫ繝ｳ,238,20201110201136 
繝繝ｳ繧ｸ繝ｧ繝ｳ縺ｧ讒倥・↑蜃ｺ莨壹＞繧偵☆繧九・縺ｯ髢馴＆縺｣縺ｦ縺・ｋ縺繧阪≧縺・- 繝上・繝｡繝ｫ繝ｳ,149536,20201116030000 
蜥ｲ-Saki- 繧ゅ＠蜥ｲ縺悟ｮｶ譌城ｺｻ髮縺ｧ隕夐・縺励※縺溘ｉ - 繝上・繝｡繝ｫ繝ｳ,32773,20190629180000 
繝舌き驕斐→蜿悟ｭ舌→蟄ｦ蝨堤函豢ｻ - 繝上・繝｡繝ｫ繝ｳ,23149,201907032100 
謐ｻ縺上ｌ縺溷ｰ大ｹｴ縺ｨ霑ｷ蟄舌・蟷ｼ螂ｳ - 謐ｻ縺上ｌ縺溷ｰ大ｹｴ縺ｨ霑ｷ蟄舌・蟷ｼ螂ｳ - 繝上・繝｡繝ｫ繝ｳ,204098,20191007221646 
豈比ｼ∬ｰｷ蜈ｫ蟷｡縺ｮ縺ゅｊ蠕励↑縺・・闃ｱ逕滓ｴｻ - 繝上・繝｡繝ｫ繝ｳ,178264,20191101083522 
繧・・繧翫ヰ繧ｫ驕斐・髱呈丼繝ｩ繝悶さ繝｡縺ｯ縺ｾ縺｡縺後▲縺ｦ縺・ｋ縲・- 繝上・繝｡繝ｫ繝ｳ,192659,20200120232055 
縲先悽邱ｨ螳檎ｵ舌代ｂ縺励ｂ縲∝ｹｸ蟷ｳ蜑ｵ逵溘′蜿ｯ諢帙＞螂ｳ縺ｮ蟄舌□縺｣縺溘ｉ - 繝上・繝｡繝ｫ繝ｳ,212808,20200417121200 
繧医≧縺薙◎螟ｩ謇阪・謨吝ｮ､縺ｸ - 繝上・繝｡繝ｫ繝ｳ,226147,20200725050754 
鬆郁ｳ莠ｬ螟ｪ驛弱・鮗ｻ髮譌･險・- 繝上・繝｡繝ｫ繝ｳ,97685,20180122170000 
蜈ｫ蟷｡縺ｯ鬲疲ｳ慕ｧ鷹ｫ俶｡縺ｧ縺ｯ縺ｼ縺｣縺｡縺ｧ縺ｯ螻・ｉ繧後↑縺・- 繝上・繝｡繝ｫ繝ｳ,145858,20180302230000 
蜈ｫ蟷｡縺ｯ鬲疲ｳ慕ｧ鷹ｫ俶｡縺ｫ蜈･蟄ｦ縺吶ｋ縲・- 繝上・繝｡繝ｫ繝ｳ,137975,20180525133000 
蜑｣縺後☆縺ｹ縺ｦ繧呈脈繧願｣ゅ￥縺ｮ縺ｯ髢馴＆縺｣縺ｦ縺・ｋ縺繧阪≧縺・- 繝上・繝｡繝ｫ繝ｳ,55630,20180620070000 
繝舌き縺ｨ繝・せ繝医→蜿ｬ蝟夂坤・樊眠縺溘↑蟋九∪繧奇ｽ・- 繝上・繝｡繝ｫ繝ｳ,2832,20180709121257 
蟄ｦ謌ｦ驛ｽ蟶ゅ〒縺ｼ縺｣縺｡縺ｯ蜍輔￥ - 繝上・繝｡繝ｫ繝ｳ,110695,20181118204800 
蟄ｦ謌ｦ驛ｽ蟶ゅ・窶懷・窶昴・繝・メ - 繝上・繝｡繝ｫ繝ｳ,111348,20181225120000 
謔ｪ謌ｯ縺ｮ逾槭・蟶梧悍繧呈鏡縺｣縺・- 繝上・繝｡繝ｫ繝ｳ,183721,20190430233000 
蜒輔→繝・せ繝医→A繧ｯ繝ｩ繧ｹ縺ｮ縺ゅ・螽・- 繝上・繝｡繝ｫ繝ｳ,132959,20190501000000 
蟄ｦ謌ｦ驛ｽ蟶ゅ・窶懷・窶昴・繝・メ 螟紋ｼ昴懈眠縺溘↑繧狗･ｭ蜈ｸ 鮟・・譏滓ｭｦ逾ｭ縲・- 繝上・繝｡繝ｫ繝ｳ,186167,20190529081525 
關ｽ隨ｬ鬨主｣ｫ縺ｨ逕溷ｾ剃ｼ夐聞縺ｮ蟷ｼ縺ｪ縺倥∩ - 繝上・繝｡繝ｫ繝ｳ,69232,20170913121429 
繝繝ｳ繧ｸ繝ｧ繝ｳ縺ｫ逋ｽ縺・ｭｻ逾槭′縺・ｋ縺ｮ縺ｯ髢馴＆縺｣縺ｦ縺・ｋ縺繧阪≧縺・- 繝上・繝｡繝ｫ繝ｳ,101063,20170717110357 
關ｽ隨ｬ鬨主｣ｫ縺ｮ闍ｱ髮・ｭ壹・槫ｮ医ｊ莠ｺ縺ｮ縺溘ａ縺ｫ・・- 繝上・繝｡繝ｫ繝ｳ,69526,20170701000000 
繝ｭ繧ｦ縺阪ｅ繝ｼ縺ｶ・・ｽ樒明鬚ｨ霑・峭縺ｮ螟ｩ謇搾ｽ・- 繝上・繝｡繝ｫ繝ｳ,104619,20170113192729 
